RHEA_ID	DIRECTION	MASTER_ID	ID
10041	LR	10040	R-HSA-176606.3
10041	LR	10040	R-HSA-8953499.3
10113	LR	10112	R-HSA-1614524.5
10117	LR	10116	R-HSA-71299.5
10133	LR	10132	R-HSA-159443.3
10165	LR	10164	R-HSA-71660.5
10166	RL	10164	R-HSA-70494.5
10189	LR	10188	R-HSA-191323.5
10189	LR	10188	R-HSA-73918.4
10225	LR	10224	R-HSA-964970.2
10245	LR	10244	R-HSA-71181.7
10249	LR	10248	R-HSA-73666.6
10272	UN	10272	R-HSA-426240.2
10277	LR	10276	R-HSA-1855182.3
10301	LR	10300	R-HSA-70449.5
10302	RL	10300	R-HSA-70482.6
10332	UN	10332	R-HSA-1482533.2
10337	LR	10336	R-HSA-5690911.3
10337	LR	10336	R-HSA-70971.5
10349	LR	10348	R-HSA-1247935.3
10382	RL	10380	R-HSA-73567.6
10389	LR	10388	R-HSA-372819.4
10389	LR	10388	R-HSA-70241.6
10401	LR	10400	R-HSA-893616.5
10410	RL	10408	R-HSA-390224.4
10413	LR	10412	R-HSA-2393939.6
10413	LR	10412	R-HSA-2393954.5
10413	LR	10412	R-HSA-5696049.3
10429	LR	10428	R-HSA-2161964.4
10601	LR	10600	R-HSA-2161620.4
10601	LR	10600	R-HSA-2161701.5
10657	LR	10656	R-HSA-71286.4
10717	LR	10716	R-HSA-1855178.4
10749	LR	10748	R-HSA-1237059.4
10749	LR	10748	R-HSA-1237081.2
10749	LR	10748	R-HSA-1475017.2
10749	LR	10748	R-HSA-1475022.2
10749	LR	10748	R-HSA-1475028.2
10749	LR	10748	R-HSA-1475436.3
10750	RL	10748	R-HSA-1237045.2
10750	RL	10748	R-HSA-1237047.4
10750	RL	10748	R-HSA-1475025.3
10750	RL	10748	R-HSA-1475026.4
10750	RL	10748	R-HSA-1475032.3
10750	RL	10748	R-HSA-1475435.3
10782	RL	10780	R-HSA-9971565.1
10794	RL	10792	R-HSA-73806.5
10933	LR	10932	R-HSA-70577.5
10945	LR	10944	R-HSA-6788295.3
10965	LR	10964	R-HSA-5662466.3
10981	LR	10980	R-HSA-9014766.5
10994	RL	10992	R-HSA-389826.4
11021	LR	11020	R-HSA-1855153.4
11021	LR	11020	R-HSA-1855233.4
11029	LR	11028	R-HSA-9909159.1
11065	LR	11064	R-HSA-70479.6
11085	LR	11084	R-HSA-5662473.3
11094	RL	11092	R-HSA-75889.3
11142	RL	11140	R-HSA-446201.4
11149	LR	11148	R-HSA-1562603.2
11149	LR	11148	R-HSA-1562604.2
11149	LR	11148	R-HSA-917891.3
11149	LR	11148	R-HSA-917933.3
11185	LR	11184	R-HSA-73591.6
11241	LR	11240	R-HSA-997381.2
11261	LR	11260	R-HSA-5693681.4
11261	LR	11260	R-HSA-8865107.2
11261	LR	11260	R-HSA-9698758.2
11309	LR	11308	R-HSA-200555.6
11309	LR	11308	R-HSA-75851.6
11309	LR	11308	R-HSA-8876889.5
11393	LR	11392	R-HSA-1855213.4
11393	LR	11392	R-HSA-1855218.4
11533	LR	11532	R-HSA-389821.3
11577	LR	11576	R-HSA-196761.2
11580	UN	11580	R-HSA-1482976.2
11597	LR	11596	R-HSA-73564.6
11601	LR	11600	R-HSA-110138.7
11601	LR	11600	R-HSA-73548.7
11602	RL	11600	R-HSA-110137.7
11602	RL	11600	R-HSA-75125.7
11633	LR	11632	R-HSA-2408524.4
11660	UN	11660	R-HSA-162857.4
11681	LR	11680	R-HSA-73792.6
11685	LR	11684	R-HSA-5696213.2
11685	LR	11684	R-HSA-6800149.2
11709	LR	11708	R-HSA-73794.7
11742	RL	11740	R-HSA-3323079.2
11742	RL	11740	R-HSA-71682.5
11745	LR	11744	R-HSA-965067.2
11753	LR	11752	R-HSA-9749609.2
11753	LR	11752	R-HSA-9749647.2
11753	LR	11752	R-HSA-9749792.2
11817	LR	11816	R-HSA-70471.6
11818	RL	11816	R-HSA-70475.6
11853	LR	11852	R-HSA-1237160.3
11857	LR	11856	R-HSA-1855185.4
11877	LR	11876	R-HSA-2161662.3
11896	UN	11896	R-HSA-192097.2
11914	RL	11912	R-HSA-2161692.3
11921	LR	11920	R-HSA-71146.5
11924	UN	11924	R-HSA-9846477.2
11993	LR	11992	R-HSA-6783880.3
12045	LR	12044	R-HSA-5694109.3
12088	UN	12088	R-HSA-1638104.4
12105	LR	12104	R-HSA-73605.4
12173	LR	12172	R-HSA-6799604.5
12229	LR	12228	R-HSA-70599.6
12273	LR	12272	R-HSA-209924.2
12280	UN	12280	R-HSA-1675776.5
12281	LR	12280	R-HSA-6811522.3
12309	LR	12308	R-HSA-70941.7
12316	UN	12316	R-HSA-1675795.4
12316	UN	12316	R-HSA-1675994.3
12316	UN	12316	R-HSA-1676114.2
12316	UN	12316	R-HSA-1676141.4
12316	UN	12316	R-HSA-6809325.2
12316	UN	12316	R-HSA-6809720.2
12316	UN	12316	R-HSA-6809975.2
12405	LR	12404	R-HSA-5653878.5
12453	LR	12452	R-HSA-1855162.3
12453	LR	12452	R-HSA-994137.4
12457	LR	12456	R-HSA-9940844.1
12462	RL	12460	R-HSA-70982.5
12513	LR	12512	R-HSA-6810076.4
12526	RL	12524	R-HSA-5693347.3
12557	LR	12556	R-HSA-71296.6
12593	UN	12593	R-HSA-1482939.2
12602	LR	12601	R-HSA-70952.6
12603	RL	12601	R-HSA-508561.6
12642	LR	12641	R-HSA-977348.5
12654	LR	12653	R-HSA-9012268.5
12661	UN	12661	R-HSA-200406.9
12661	UN	12661	R-HSA-9911362.1
12663	RL	12661	R-HSA-200410.6
12709	UN	12709	R-HSA-1675939.2
12709	UN	12709	R-HSA-1675961.2
12709	UN	12709	R-HSA-1676024.2
12710	LR	12709	R-HSA-6798174.3
12718	LR	12717	R-HSA-1855228.4
12722	LR	12721	R-HSA-351215.4
12735	RL	12733	R-HSA-197268.6
12794	LR	12793	R-HSA-1855207.4
12794	LR	12793	R-HSA-1855227.3
12822	LR	12821	R-HSA-6787321.3
12890	LR	12889	R-HSA-5661290.3
12894	LR	12893	R-HSA-2161660.5
12894	LR	12893	R-HSA-265295.4
12922	LR	12921	R-HSA-189442.5
12937	UN	12937	R-HSA-1482547.2
12974	LR	12973	R-HSA-110145.6
12974	LR	12973	R-HSA-74220.7
12975	RL	12973	R-HSA-110141.7
12975	RL	12973	R-HSA-110144.6
13010	LR	13009	R-HSA-71189.4
13042	LR	13041	R-HSA-5662660.3
13054	LR	13053	R-HSA-893593.4
13070	LR	13069	R-HSA-1483222.2
13103	RL	13101	R-HSA-70903.6
13186	LR	13185	R-HSA-189406.4
13202	LR	13201	R-HSA-71275.4
13218	LR	13217	R-HSA-888548.4
13234	LR	13233	R-HSA-74249.7
13235	RL	13233	R-HSA-112034.7
13242	LR	13241	R-HSA-6787540.4
13254	LR	13253	R-HSA-1855172.4
13254	LR	13253	R-HSA-994140.4
13282	LR	13281	R-HSA-70837.7
13283	RL	13281	R-HSA-508369.7
13286	LR	13285	R-HSA-174367.4
13434	LR	13433	R-HSA-73608.6
13446	LR	13445	R-HSA-8938300.3
13510	LR	13509	R-HSA-446204.3
13550	LR	13549	R-HSA-6787533.4
13554	LR	13553	R-HSA-70355.6
13558	LR	13557	R-HSA-174394.5
13590	LR	13589	R-HSA-70773.9
13591	RL	13589	R-HSA-508308.7
13609	UN	13609	R-HSA-1675910.2
13609	UN	13609	R-HSA-1675921.2
13609	UN	13609	R-HSA-1676134.2
13609	UN	13609	R-HSA-1676168.2
13666	LR	13665	R-HSA-392152.5
13666	LR	13665	R-HSA-74885.3
13678	LR	13677	R-HSA-71303.6
13679	RL	13677	R-HSA-199803.5
13698	LR	13697	R-HSA-8955844.4
13890	LR	13889	R-HSA-196955.4
13905	UN	13905	R-HSA-9846501.2
13930	LR	13929	R-HSA-350604.3
13933	UN	13933	R-HSA-975593.4
13933	UN	13933	R-HSA-975594.2
13934	LR	13933	R-HSA-8848355.5
13942	LR	13941	R-HSA-70349.7
13978	LR	13977	R-HSA-9014741.5
13990	LR	13989	R-HSA-70361.5
14002	LR	14001	R-HSA-192312.2
14006	LR	14005	R-HSA-1614583.5
14014	LR	14013	R-HSA-176604.3
14018	LR	14017	R-HSA-8869627.5
14018	LR	14017	R-HSA-8869633.5
14079	RL	14077	R-HSA-909776.3
14107	RL	14105	R-HSA-70664.7
14111	RL	14109	R-HSA-6783939.4
14111	RL	14109	R-HSA-6783955.5
14166	LR	14165	R-HSA-8954468.3
14182	LR	14181	R-HSA-71241.7
14206	LR	14205	R-HSA-8876789.3
14331	RL	14329	R-HSA-977333.4
14358	LR	14357	R-HSA-196964.4
14410	LR	14409	R-HSA-6814153.3
14425	UN	14425	R-HSA-1676082.3
14425	UN	14425	R-HSA-3772436.2
14425	UN	14425	R-HSA-8868066.3
14470	LR	14469	R-HSA-71239.4
14502	LR	14501	R-HSA-1614631.4
14542	LR	14541	R-HSA-193385.2
14621	UN	14621	R-HSA-191366.4
14666	LR	14665	R-HSA-74255.8
14730	LR	14729	R-HSA-71496.6
14731	RL	14729	R-HSA-71495.6
14778	LR	14777	R-HSA-76590.7
14802	LR	14801	R-HSA-70486.7
14803	RL	14801	R-HSA-71850.7
14818	LR	14817	R-HSA-71173.7
14838	LR	14837	R-HSA-389862.5
14907	RL	14905	R-HSA-73815.7
14962	LR	14961	R-HSA-5693724.2
14983	RL	14981	R-HSA-193064.4
15011	RL	15009	R-HSA-197972.3
15018	LR	15017	R-HSA-8878787.3
15054	LR	15053	R-HSA-73813.5
15094	LR	15093	R-HSA-71155.5
15095	RL	15093	R-HSA-517444.5
15099	RL	15097	R-HSA-70920.5
15150	LR	15149	R-HSA-965019.2
15230	LR	15229	R-HSA-446221.3
15283	RL	15281	R-HSA-6807052.4
15306	LR	15305	R-HSA-6797955.3
15325	UN	15325	R-HSA-1482695.3
15326	LR	15325	R-HSA-549112.3
15382	LR	15381	R-HSA-8953398.3
15390	LR	15389	R-HSA-111930.7
15390	LR	15389	R-HSA-164377.5
15390	LR	15389	R-HSA-170676.2
15390	LR	15389	R-HSA-381607.3
15390	LR	15389	R-HSA-392129.6
15390	LR	15389	R-HSA-442715.3
15390	LR	15389	R-HSA-5211224.7
15390	LR	15389	R-HSA-5610727.3
15422	LR	15421	R-HSA-434382.4
15450	LR	15449	R-HSA-71164.7
15482	LR	15481	R-HSA-5694137.5
15550	LR	15549	R-HSA-1237140.4
15554	LR	15553	R-HSA-1855208.4
15574	LR	15573	R-HSA-209821.2
15610	LR	15609	R-HSA-73580.5
15642	LR	15641	R-HSA-9012016.4
15642	LR	15641	R-HSA-9861660.2
15654	LR	15653	R-HSA-71802.7
15754	LR	15753	R-HSA-111524.7
15795	RL	15793	R-HSA-189384.6
15801	UN	15801	R-HSA-8848484.2
15818	LR	15817	R-HSA-965079.2
15890	LR	15889	R-HSA-70609.5
15902	LR	15901	R-HSA-71445.6
15903	RL	15901	R-HSA-71654.6
15970	LR	15969	R-HSA-5696230.2
15974	LR	15973	R-HSA-176664.3
15982	LR	15981	R-HSA-351222.4
15991	RL	15989	R-HSA-191352.5
16002	LR	16001	R-HSA-2161187.5
16062	LR	16061	R-HSA-1483116.3
16062	LR	16061	R-HSA-6814132.2
16066	LR	16065	R-HSA-389639.4
16070	LR	16069	R-HSA-73608.6
16090	LR	16089	R-HSA-1483096.3
16110	LR	16109	R-HSA-70467.8
16118	LR	16117	R-HSA-5694494.2
16122	LR	16121	R-HSA-73589.5
16170	LR	16169	R-HSA-70606.5
16190	LR	16189	R-HSA-71163.7
16302	LR	16301	R-HSA-8870346.4
16302	LR	16301	R-HSA-8938076.3
16302	LR	16301	R-HSA-9637699.2
16342	LR	16341	R-HSA-191422.5
16374	LR	16373	R-HSA-196857.4
16374	LR	16373	R-HSA-199203.4
16502	LR	16501	R-HSA-6813740.2
16558	LR	16557	R-HSA-71223.4
16611	RL	16609	R-HSA-74213.5
16646	LR	16645	R-HSA-5690046.3
16670	LR	16669	R-HSA-9727349.3
16710	LR	16709	R-HSA-209828.2
16794	LR	16793	R-HSA-196840.4
16826	LR	16825	R-HSA-109903.5
16826	LR	16825	R-HSA-73599.5
16826	LR	16825	R-HSA-8954327.3
16834	LR	16833	R-HSA-3323013.3
16834	LR	16833	R-HSA-3341277.3
16834	LR	16833	R-HSA-3341397.3
16834	LR	16833	R-HSA-3343700.3
16834	LR	16833	R-HSA-71676.4
16846	LR	16845	R-HSA-70975.4
16854	LR	16853	R-HSA-73828.4
16867	RL	16865	R-HSA-192341.2
16870	LR	16869	R-HSA-2162002.4
16878	LR	16877	R-HSA-1655443.5
16878	LR	16877	R-HSA-6787757.5
16878	LR	16877	R-HSA-6814165.4
16881	UN	16881	R-HSA-9013198.3
16894	LR	16893	R-HSA-175987.4
16958	LR	16957	R-HSA-4086392.3
16958	LR	16957	R-HSA-418456.2
16958	LR	16957	R-HSA-74059.2
16990	LR	16989	R-HSA-1855225.4
17027	RL	17025	R-HSA-5661240.3
17054	LR	17053	R-HSA-71334.5
17055	RL	17053	R-HSA-163764.5
17066	LR	17065	R-HSA-191380.4
17130	LR	17129	R-HSA-73812.5
17138	LR	17137	R-HSA-76500.3
17158	LR	17157	R-HSA-200318.4
17158	LR	17157	R-HSA-200326.4
17187	RL	17185	R-HSA-514604.6
17238	LR	17237	R-HSA-196929.4
17290	LR	17289	R-HSA-5628905.7
17290	LR	17289	R-HSA-70262.5
17306	LR	17305	R-HSA-5693373.4
17434	LR	17433	R-HSA-6797961.4
17442	LR	17441	R-HSA-9012597.3
17454	LR	17453	R-HSA-73814.5
17474	LR	17473	R-HSA-1474146.4
17486	LR	17485	R-HSA-265296.3
17562	LR	17561	R-HSA-372519.6
17619	RL	17617	R-HSA-266050.3
17642	LR	17641	R-HSA-350598.4
17663	RL	17661	R-HSA-70997.6
17729	UN	17729	R-HSA-8876696.2
17766	LR	17765	R-HSA-6798335.4
17786	LR	17785	R-HSA-888572.3
17786	LR	17785	R-HSA-888577.3
17873	UN	17873	R-HSA-3095901.4
17873	UN	17873	R-HSA-5223313.5
17873	UN	17873	R-HSA-9759206.2
17890	LR	17889	R-HSA-5696415.3
17954	LR	17953	R-HSA-71218.4
17962	LR	17961	R-HSA-266051.4
17975	RL	17973	R-HSA-74215.7
17986	LR	17985	R-HSA-71260.7
18030	LR	18029	R-HSA-70555.6
18095	RL	18093	R-HSA-73585.4
18105	UN	18105	R-HSA-936883.2
18105	UN	18105	R-HSA-9662114.2
18105	UN	18105	R-HSA-9664214.2
18114	LR	18113	R-HSA-6806877.5
18118	LR	18117	R-HSA-5662662.6
18134	LR	18133	R-HSA-174392.5
18146	LR	18145	R-HSA-70333.8
18159	RL	18157	R-HSA-71670.9
18163	RL	18161	R-HSA-77304.4
18202	LR	18201	R-HSA-209823.2
18246	LR	18245	R-HSA-196773.4
18246	LR	18245	R-HSA-9837337.1
18254	LR	18253	R-HSA-9012036.4
18254	LR	18253	R-HSA-9012349.4
18258	LR	18257	R-HSA-189421.3
18322	LR	18321	R-HSA-70724.7
18323	RL	18321	R-HSA-508179.5
18353	UN	18353	R-HSA-936897.4
18394	LR	18393	R-HSA-909780.3
18447	RL	18445	R-HSA-73797.4
18494	LR	18493	R-HSA-159566.3
18534	LR	18533	R-HSA-209859.2
18561	UN	18561	R-HSA-194698.3
18563	RL	18561	R-HSA-194674.3
18586	LR	18585	R-HSA-70481.6
18587	RL	18585	R-HSA-70454.5
18594	LR	18593	R-HSA-428681.4
18630	LR	18629	R-HSA-197198.5
18630	LR	18629	R-HSA-8955030.3
18634	LR	18633	R-HSA-73577.6
18738	LR	18737	R-HSA-8959510.3
18782	LR	18781	R-HSA-977317.4
18794	LR	18793	R-HSA-6787329.4
18822	LR	18821	R-HSA-264622.3
18955	RL	18953	R-HSA-1497869.3
18966	LR	18965	R-HSA-189488.3
19014	LR	19013	R-HSA-8851234.6
19050	LR	19049	R-HSA-6788611.3
19071	RL	19069	R-HSA-5694071.4
19130	LR	19129	R-HSA-73632.5
19170	LR	19169	R-HSA-9034539.4
19170	LR	19169	R-HSA-9929460.1
19202	LR	19201	R-HSA-109671.6
19202	LR	19201	R-HSA-74207.6
19261	UN	19261	R-HSA-382560.2
19261	UN	19261	R-HSA-917979.5
19298	LR	19297	R-HSA-6786245.3
19302	LR	19301	R-HSA-175993.3
19362	LR	19361	R-HSA-191303.5
19362	LR	19361	R-HSA-9717830.4
19375	RL	19373	R-HSA-70938.6
19454	LR	19453	R-HSA-507775.5
19454	LR	19453	R-HSA-70523.6
19455	RL	19453	R-HSA-507749.5
19455	RL	19453	R-HSA-70524.6
19514	LR	19513	R-HSA-70560.5
19630	LR	19629	R-HSA-389540.5
19630	LR	19629	R-HSA-389550.3
19630	LR	19629	R-HSA-450984.6
19670	LR	19669	R-HSA-8851089.6
19670	LR	19669	R-HSA-8851538.6
19714	LR	19713	R-HSA-548843.3
19742	LR	19741	R-HSA-389580.2
19798	LR	19797	R-HSA-1855174.4
19798	LR	19797	R-HSA-1855222.4
19802	LR	19801	R-HSA-196754.4
19866	LR	19865	R-HSA-189425.3
19877	UN	19877	R-HSA-1675780.2
19877	UN	19877	R-HSA-1675813.2
19877	UN	19877	R-HSA-1675883.2
19877	UN	19877	R-HSA-1675974.2
19877	UN	19877	R-HSA-1676185.2
19890	LR	19889	R-HSA-70286.7
19938	LR	19937	R-HSA-6798317.3
19974	LR	19973	R-HSA-351210.4
19986	LR	19985	R-HSA-5692237.2
19990	LR	19989	R-HSA-1237096.3
19991	RL	19989	R-HSA-1299507.3
20014	LR	20013	R-HSA-73573.6
20222	LR	20221	R-HSA-5696839.4
20223	RL	20221	R-HSA-6801456.2
20274	LR	20273	R-HSA-71118.5
20290	LR	20289	R-HSA-390304.3
20306	LR	20305	R-HSA-9856794.2
20310	LR	20309	R-HSA-1222704.2
20310	LR	20309	R-HSA-76031.3
20314	LR	20313	R-HSA-1855176.4
20314	LR	20313	R-HSA-1855179.3
20434	LR	20433	R-HSA-5662471.3
20442	LR	20441	R-HSA-1614645.5
20522	LR	20521	R-HSA-5696457.2
20522	LR	20521	R-HSA-73920.3
20523	RL	20521	R-HSA-73912.3
20546	LR	20545	R-HSA-71200.5
20555	RL	20553	R-HSA-71020.4
20570	LR	20569	R-HSA-452036.4
20570	LR	20569	R-HSA-70569.4
20667	RL	20665	R-HSA-9773976.1
20697	LR	20696	R-HSA-1222462.2
20697	LR	20696	R-HSA-1222469.2
20697	LR	20696	R-HSA-3299680.2
20697	LR	20696	R-HSA-3299682.2
20697	LR	20696	R-HSA-3299691.2
20697	LR	20696	R-HSA-3777112.3
20825	LR	20824	R-HSA-109624.6
20841	LR	20840	R-HSA-977301.3
20845	LR	20844	R-HSA-70501.9
20852	UN	20852	R-HSA-374916.4
20881	LR	20880	R-HSA-9971258.1
20941	LR	20940	R-HSA-1855197.4
20941	LR	20940	R-HSA-2267372.4
20965	LR	20964	R-HSA-893583.3
21017	LR	21016	R-HSA-6797627.4
21037	LR	21036	R-HSA-73916.5
21037	LR	21036	R-HSA-8848215.5
21038	RL	21036	R-HSA-74181.4
21081	LR	21080	R-HSA-174391.3
21081	LR	21080	R-HSA-5603114.2
21133	LR	21132	R-HSA-74258.6
21137	LR	21136	R-HSA-390291.3
21162	RL	21160	R-HSA-75848.7
21209	LR	21208	R-HSA-977324.4
21233	LR	21232	R-HSA-70899.6
21285	LR	21284	R-HSA-5362518.2
21285	LR	21284	R-HSA-5362564.2
21292	UN	21292	R-HSA-109699.5
21292	UN	21292	R-HSA-1226014.2
21292	UN	21292	R-HSA-1250370.4
21292	UN	21292	R-HSA-1250462.3
21292	UN	21292	R-HSA-1306957.3
21292	UN	21292	R-HSA-1306979.3
21292	UN	21292	R-HSA-1433514.4
21292	UN	21292	R-HSA-1676048.3
21292	UN	21292	R-HSA-177939.3
21292	UN	21292	R-HSA-1839091.3
21292	UN	21292	R-HSA-1839107.3
21292	UN	21292	R-HSA-186800.2
21292	UN	21292	R-HSA-198266.6
21292	UN	21292	R-HSA-201510.2
21292	UN	21292	R-HSA-202365.3
21292	UN	21292	R-HSA-2029271.2
21292	UN	21292	R-HSA-2316434.9
21292	UN	21292	R-HSA-2394007.2
21292	UN	21292	R-HSA-2424480.2
21292	UN	21292	R-HSA-2730870.2
21292	UN	21292	R-HSA-389158.2
21292	UN	21292	R-HSA-392300.2
21292	UN	21292	R-HSA-437162.2
21292	UN	21292	R-HSA-5218819.2
21292	UN	21292	R-HSA-5637801.3
21292	UN	21292	R-HSA-5654690.3
21292	UN	21292	R-HSA-5654692.3
21292	UN	21292	R-HSA-5654697.3
21292	UN	21292	R-HSA-5654701.2
21292	UN	21292	R-HSA-5654705.2
21292	UN	21292	R-HSA-5654709.3
21292	UN	21292	R-HSA-5654714.3
21292	UN	21292	R-HSA-5654717.2
21292	UN	21292	R-HSA-5655235.2
21292	UN	21292	R-HSA-5655289.3
21292	UN	21292	R-HSA-5655290.2
21292	UN	21292	R-HSA-5655323.2
21292	UN	21292	R-HSA-8852019.2
21292	UN	21292	R-HSA-9021627.2
21292	UN	21292	R-HSA-9028519.2
21292	UN	21292	R-HSA-9603445.3
21292	UN	21292	R-HSA-9664664.2
21292	UN	21292	R-HSA-9664940.2
21292	UN	21292	R-HSA-9665407.2
21292	UN	21292	R-HSA-9670433.2
21292	UN	21292	R-HSA-9672162.2
21292	UN	21292	R-HSA-9672177.2
21292	UN	21292	R-HSA-9680389.2
21292	UN	21292	R-HSA-9712084.2
21292	UN	21292	R-HSA-9860816.1
21361	LR	21360	R-HSA-8939959.6
21377	LR	21376	R-HSA-9856718.1
21381	LR	21380	R-HSA-389622.3
21433	LR	21432	R-HSA-70979.7
21434	RL	21432	R-HSA-9856871.3
21538	RL	21536	R-HSA-70785.7
21645	LR	21644	R-HSA-75887.3
21701	LR	21700	R-HSA-1237129.3
21709	LR	21708	R-HSA-174401.4
21825	LR	21824	R-HSA-70592.10
21825	LR	21824	R-HSA-70596.5
21826	RL	21824	R-HSA-70581.5
21826	RL	21824	R-HSA-70613.9
21845	LR	21844	R-HSA-177160.3
22044	UN	22044	R-HSA-937311.3
22044	UN	22044	R-HSA-9727198.2
22109	LR	22108	R-HSA-9014627.3
22122	RL	22120	R-HSA-71775.6
22157	LR	22156	R-HSA-8851225.6
22157	LR	22156	R-HSA-8851396.6
22170	RL	22168	R-HSA-70369.5
22193	LR	22192	R-HSA-73798.4
22233	LR	22232	R-HSA-191402.3
22325	LR	22324	R-HSA-266072.3
22337	LR	22336	R-HSA-1614654.5
22385	LR	22384	R-HSA-1855198.3
22409	LR	22408	R-HSA-191322.5
22409	LR	22408	R-HSA-9717834.4
22485	LR	22484	R-HSA-5696197.2
22629	LR	22628	R-HSA-73805.5
22673	LR	22672	R-HSA-191405.5
22764	UN	22764	R-HSA-1675824.2
22764	UN	22764	R-HSA-1676177.3
22861	LR	22860	R-HSA-197235.9
22861	LR	22860	R-HSA-200474.8
22861	LR	22860	R-HSA-200512.8
22889	LR	22888	R-HSA-71010.4
22893	LR	22892	R-HSA-6801328.2
22925	LR	22924	R-HSA-73596.7
22965	LR	22964	R-HSA-70692.4
23033	LR	23032	R-HSA-73810.5
23101	LR	23100	R-HSA-74220.7
23102	RL	23100	R-HSA-110141.7
23177	LR	23176	R-HSA-449911.3
23177	LR	23176	R-HSA-71735.2
23177	LR	23176	R-HSA-8875071.2
23261	LR	23260	R-HSA-2161789.4
23265	LR	23264	R-HSA-2161789.4
23285	LR	23284	R-HSA-191382.3
23353	LR	23352	R-HSA-916855.4
23445	LR	23444	R-HSA-70510.8
23446	RL	23444	R-HSA-6807826.6
23446	RL	23444	R-HSA-71849.9
23453	LR	23452	R-HSA-109624.6
23453	LR	23452	R-HSA-109671.6
23453	LR	23452	R-HSA-74207.6
23517	LR	23516	R-HSA-6799495.3
23533	LR	23532	R-HSA-159425.2
23537	LR	23536	R-HSA-9638125.5
23538	RL	23536	R-HSA-9638127.5
23581	LR	23580	R-HSA-76496.4
23597	LR	23596	R-HSA-173597.3
23633	LR	23632	R-HSA-70967.6
23661	LR	23660	R-HSA-70906.5
23681	LR	23680	R-HSA-8850846.8
23681	LR	23680	R-HSA-8851110.5
23697	LR	23696	R-HSA-5678327.3
23701	LR	23700	R-HSA-6801462.2
23721	LR	23720	R-HSA-71031.5
23725	LR	23724	R-HSA-3204311.2
23806	RL	23804	R-HSA-446185.3
23821	LR	23820	R-HSA-6787632.3
23845	LR	23844	R-HSA-8959719.4
23885	LR	23884	R-HSA-5359451.3
23917	LR	23916	R-HSA-8863761.2
23921	LR	23920	R-HSA-73800.4
23984	UN	23984	R-HSA-6807055.4
24021	LR	24020	R-HSA-70573.4
24065	LR	24064	R-HSA-189439.4
24153	LR	24152	R-HSA-174389.5
24249	LR	24248	R-HSA-389684.5
24249	LR	24248	R-HSA-904864.5
24293	LR	24292	R-HSA-70542.5
24298	RL	24296	R-HSA-73571.5
24385	LR	24384	R-HSA-197271.5
24405	LR	24404	R-HSA-6788597.2
24405	LR	24404	R-HSA-74180.3
24409	LR	24408	R-HSA-5693346.2
24425	LR	24424	R-HSA-198813.4
24505	LR	24504	R-HSA-1237119.3
24510	RL	24508	R-HSA-2161651.4
24521	LR	24520	R-HSA-70940.6
24537	LR	24536	R-HSA-198563.5
24537	LR	24536	R-HSA-71188.4
24537	LR	24536	R-HSA-888614.5
24577	LR	24576	R-HSA-449937.3
24577	LR	24576	R-HSA-6788912.3
24577	LR	24576	R-HSA-71732.8
24593	LR	24592	R-HSA-1483190.2
24601	LR	24600	R-HSA-1614544.4
24617	LR	24616	R-HSA-5693390.3
24617	LR	24616	R-HSA-5696822.2
24617	LR	24616	R-HSA-6810594.3
24617	LR	24616	R-HSA-8862137.4
24618	RL	24616	R-HSA-804969.4
24671	LR	24670	R-HSA-9727347.4
24675	LR	24674	R-HSA-109903.5
24675	LR	24674	R-HSA-73599.5
24675	LR	24674	R-HSA-8954327.3
24735	LR	24734	R-HSA-880033.4
24736	RL	24734	R-HSA-880002.5
24802	LR	24801	R-HSA-70723.7
24802	LR	24801	R-HSA-70724.7
24803	RL	24801	R-HSA-508179.5
24803	RL	24801	R-HSA-508189.5
24814	LR	24813	R-HSA-70724.7
24815	RL	24813	R-HSA-508179.5
24932	LR	24931	R-HSA-1614614.5
25017	UN	25017	R-HSA-199456.5
25035	RL	25033	R-HSA-2464803.3
25035	RL	25033	R-HSA-2464822.2
25035	RL	25033	R-HSA-2465940.2
25035	RL	25033	R-HSA-5419165.2
25035	RL	25033	R-HSA-5615668.2
25035	RL	25033	R-HSA-5623643.2
25095	LR	25094	R-HSA-6788798.3
25095	LR	25094	R-HSA-6788810.3
25105	LR	25104	R-HSA-964958.2
25109	LR	25108	R-HSA-964962.2
25123	RL	25121	R-HSA-6783883.4
25144	LR	25143	R-HSA-71217.4
25148	LR	25147	R-HSA-197187.5
25157	LR	25156	R-HSA-196753.4
25161	LR	25160	R-HSA-70654.6
25162	RL	25160	R-HSA-70666.6
25218	LR	25217	R-HSA-209792.2
25254	LR	25253	R-HSA-4085028.4
25266	LR	25265	R-HSA-141200.2
25270	LR	25269	R-HSA-209903.2
25278	LR	25277	R-HSA-111955.3
25278	LR	25277	R-HSA-111962.3
25278	LR	25277	R-HSA-162425.5
25278	LR	25277	R-HSA-418553.3
25278	LR	25277	R-HSA-9629675.4
25278	LR	25277	R-HSA-9644869.3
25278	LR	25277	R-HSA-9705507.2
25278	LR	25277	R-HSA-9708261.2
25278	LR	25277	R-HSA-9865748.1
25291	LR	25290	R-HSA-71707.3
25295	LR	25294	R-HSA-5696091.2
25295	LR	25294	R-HSA-71691.3
25295	LR	25294	R-HSA-71723.3
25312	LR	25311	R-HSA-389842.7
25356	LR	25355	R-HSA-389611.3
25426	RL	25424	R-HSA-74215.7
25481	LR	25480	R-HSA-74177.4
25569	LR	25568	R-HSA-8869606.5
25569	LR	25568	R-HSA-8869607.5
25577	LR	25576	R-HSA-189423.3
25581	LR	25580	R-HSA-6787677.3
25626	LR	25625	R-HSA-5696131.2
25675	LR	25674	R-HSA-6810410.3
25792	UN	25792	R-HSA-936802.3
25792	UN	25792	R-HSA-936895.3
25801	LR	25800	R-HSA-141351.3
25805	LR	25804	R-HSA-141341.3
25813	LR	25812	R-HSA-141348.3
26132	UN	26132	R-HSA-426043.2
26137	LR	26136	R-HSA-5693742.3
26137	LR	26136	R-HSA-5693751.3
26338	LR	26337	R-HSA-5696838.3
26390	LR	26389	R-HSA-5164399.2
26427	LR	26426	R-HSA-504054.6
26427	LR	26426	R-HSA-73647.6
26527	LR	26526	R-HSA-5676637.3
26527	LR	26526	R-HSA-8957389.3
26560	RL	26558	R-HSA-77314.4
27429	UN	27429	R-HSA-5221130.4
27430	LR	27429	R-HSA-75899.5
27455	RL	27453	R-HSA-209921.3
27518	UN	27518	R-HSA-428690.4
27518	UN	27518	R-HSA-428696.4
27627	LR	27626	R-HSA-71335.5
27628	RL	27626	R-HSA-163751.5
27659	LR	27658	R-HSA-8982667.3
27671	LR	27670	R-HSA-1855154.4
27675	LR	27674	R-HSA-482804.6
27675	LR	27674	R-HSA-9605496.1
27676	RL	27674	R-HSA-482812.7
27679	LR	27678	R-HSA-482804.6
27679	LR	27678	R-HSA-9605496.1
27680	RL	27678	R-HSA-482812.7
27715	LR	27714	R-HSA-109278.5
27715	LR	27714	R-HSA-109470.6
27715	LR	27714	R-HSA-74248.6
27802	UN	27802	R-HSA-2162253.5
27814	UN	27814	R-HSA-429749.5
27851	LR	27850	R-HSA-9971063.1
27950	UN	27950	R-HSA-352103.3
27950	UN	27950	R-HSA-352107.3
27950	UN	27950	R-HSA-352158.3
27950	UN	27950	R-HSA-352191.4
27950	UN	27950	R-HSA-352232.6
28151	LR	28150	R-HSA-351208.3
28219	LR	28218	R-HSA-6789031.2
28219	LR	28218	R-HSA-6789126.3
28235	LR	28234	R-HSA-70655.4
28236	RL	28234	R-HSA-70667.5
28343	LR	28342	R-HSA-2509838.7
28355	LR	28354	R-HSA-77345.4
28359	LR	28358	R-HSA-77274.4
28486	UN	28486	R-HSA-1362417.2
28486	UN	28486	R-HSA-442368.4
28486	UN	28486	R-HSA-904830.3
28486	UN	28486	R-HSA-917936.2
28486	UN	28486	R-HSA-9911598.1
28574	UN	28574	R-HSA-9941470.1
28611	LR	28610	R-HSA-2509831.6
28677	RL	28675	R-HSA-9931853.1
28695	UN	28695	R-HSA-2752067.2
28747	UN	28747	R-HSA-444416.3
28784	LR	28783	R-HSA-1247910.3
28808	LR	28807	R-HSA-8943279.3
28839	UN	28839	R-HSA-435171.3
28899	UN	28899	R-HSA-375405.3
28899	UN	28899	R-HSA-375417.3
28899	UN	28899	R-HSA-428625.3
28915	UN	28915	R-HSA-428625.3
28963	UN	28963	R-HSA-375405.3
28963	UN	28963	R-HSA-375417.3
28967	UN	28967	R-HSA-352052.3
28967	UN	28967	R-HSA-352059.3
28967	UN	28967	R-HSA-352108.3
28987	UN	28987	R-HSA-428585.5
28991	UN	28991	R-HSA-4085020.4
29255	UN	29255	R-HSA-2514867.2
29255	UN	29255	R-HSA-8949703.2
29255	UN	29255	R-HSA-9712190.2
29255	UN	29255	R-HSA-9905964.1
29263	UN	29263	R-HSA-352059.3
29263	UN	29263	R-HSA-352108.3
29263	UN	29263	R-HSA-375473.3
29267	UN	29267	R-HSA-352059.3
29267	UN	29267	R-HSA-375473.3
29275	UN	29275	R-HSA-352059.3
29275	UN	29275	R-HSA-375473.3
29283	UN	29283	R-HSA-352059.3
29283	UN	29283	R-HSA-352108.3
29283	UN	29283	R-HSA-352119.3
29283	UN	29283	R-HSA-352364.3
29283	UN	29283	R-HSA-375473.3
29351	UN	29351	R-HSA-437084.3
29351	UN	29351	R-HSA-437085.3
29351	UN	29351	R-HSA-442317.3
29351	UN	29351	R-HSA-442345.3
29351	UN	29351	R-HSA-442393.3
29351	UN	29351	R-HSA-442405.3
29351	UN	29351	R-HSA-442422.3
29351	UN	29351	R-HSA-9820566.3
29368	LR	29367	R-HSA-109291.6
29376	LR	29375	R-HSA-109415.5
29380	LR	29379	R-HSA-109470.6
29380	LR	29379	R-HSA-74248.6
29388	LR	29387	R-HSA-8851234.6
29400	LR	29399	R-HSA-2509827.7
29415	UN	29415	R-HSA-373867.6
29415	UN	29415	R-HSA-373875.6
29415	UN	29415	R-HSA-433698.5
29415	UN	29415	R-HSA-9645220.5
29419	UN	29419	R-HSA-2872444.2
29419	UN	29419	R-HSA-2872463.2
29419	UN	29419	R-HSA-2889070.3
29419	UN	29419	R-HSA-425965.3
29419	UN	29419	R-HSA-425983.3
29419	UN	29419	R-HSA-425994.3
29419	UN	29419	R-HSA-426015.3
29435	UN	29435	R-HSA-9911595.1
29443	UN	29443	R-HSA-375417.3
29447	UN	29447	R-HSA-8953430.3
29455	UN	29455	R-HSA-376200.3
29463	UN	29463	R-HSA-1013020.2
29463	UN	29463	R-HSA-1296024.3
29463	UN	29463	R-HSA-1296035.3
29463	UN	29463	R-HSA-1296037.2
29463	UN	29463	R-HSA-1296039.2
29463	UN	29463	R-HSA-1296043.2
29463	UN	29463	R-HSA-1296045.2
29463	UN	29463	R-HSA-1296046.3
29463	UN	29463	R-HSA-1296127.2
29463	UN	29463	R-HSA-1296348.2
29463	UN	29463	R-HSA-1299297.2
29463	UN	29463	R-HSA-1299304.2
29463	UN	29463	R-HSA-1299318.2
29463	UN	29463	R-HSA-1299338.2
29463	UN	29463	R-HSA-1299359.2
29463	UN	29463	R-HSA-1369017.3
29463	UN	29463	R-HSA-2534365.2
29463	UN	29463	R-HSA-5577050.3
29463	UN	29463	R-HSA-5577234.3
29463	UN	29463	R-HSA-5577237.8
29463	UN	29463	R-HSA-5578910.2
29463	UN	29463	R-HSA-5678261.4
29463	UN	29463	R-HSA-5683209.3
29463	UN	29463	R-HSA-877187.2
29463	UN	29463	R-HSA-9659554.2
29463	UN	29463	R-HSA-9663752.2
29463	UN	29463	R-HSA-9667761.2
29463	UN	29463	R-HSA-9667809.2
29463	UN	29463	R-HSA-9729870.2
29463	UN	29463	R-HSA-9730521.2
29463	UN	29463	R-HSA-9731072.2
29463	UN	29463	R-HSA-9837835.1
29556	LR	29555	R-HSA-6810464.3
29575	UN	29575	R-HSA-352059.3
29575	UN	29575	R-HSA-352108.3
29575	UN	29575	R-HSA-352119.3
29575	UN	29575	R-HSA-352347.3
29575	UN	29575	R-HSA-375473.3
29579	UN	29579	R-HSA-435171.3
29579	UN	29579	R-HSA-435349.3
29655	UN	29655	R-HSA-352191.4
29655	UN	29655	R-HSA-376200.3
29667	UN	29667	R-HSA-432010.3
29667	UN	29667	R-HSA-432054.3
29667	UN	29667	R-HSA-432065.3
29667	UN	29667	R-HSA-432067.3
29667	UN	29667	R-HSA-445714.3
29667	UN	29667	R-HSA-507868.5
29667	UN	29667	R-HSA-507870.5
29671	UN	29671	R-HSA-139854.3
29671	UN	29671	R-HSA-139855.3
29671	UN	29671	R-HSA-169683.7
29671	UN	29671	R-HSA-2089943.3
29671	UN	29671	R-HSA-210420.4
29671	UN	29671	R-HSA-2534359.2
29671	UN	29671	R-HSA-265645.2
29671	UN	29671	R-HSA-2685505.3
29671	UN	29671	R-HSA-2855020.4
29671	UN	29671	R-HSA-3295579.4
29671	UN	29671	R-HSA-399712.5
29671	UN	29671	R-HSA-418309.2
29671	UN	29671	R-HSA-426223.2
29671	UN	29671	R-HSA-432164.5
29671	UN	29671	R-HSA-434798.2
29671	UN	29671	R-HSA-4420052.3
29671	UN	29671	R-HSA-451311.3
29671	UN	29671	R-HSA-5577213.10
29671	UN	29671	R-HSA-622326.4
29671	UN	29671	R-HSA-629595.4
29671	UN	29671	R-HSA-8949145.2
29671	UN	29671	R-HSA-8949178.2
29671	UN	29671	R-HSA-9659515.2
29671	UN	29671	R-HSA-9663785.2
29671	UN	29671	R-HSA-9701055.2
29671	UN	29671	R-HSA-9701141.2
29671	UN	29671	R-HSA-9706720.2
29671	UN	29671	R-HSA-9717215.2
29671	UN	29671	R-HSA-9754616.2
29671	UN	29671	R-HSA-9858800.1
29671	UN	29671	R-HSA-9905934.1
29675	UN	29675	R-HSA-432049.4
29675	UN	29675	R-HSA-432074.4
29675	UN	29675	R-HSA-507869.4
29675	UN	29675	R-HSA-507871.4
29679	UN	29679	R-HSA-6803255.3
29703	UN	29703	R-HSA-352103.3
29703	UN	29703	R-HSA-352107.3
29703	UN	29703	R-HSA-352191.4
29703	UN	29703	R-HSA-352232.6
29703	UN	29703	R-HSA-9672770.5
29723	UN	29723	R-HSA-6784434.4
29723	UN	29723	R-HSA-6784436.6
29795	UN	29795	R-HSA-9928035.1
29823	UN	29823	R-HSA-2684901.4
29823	UN	29823	R-HSA-2744228.2
29823	UN	29823	R-HSA-2744242.4
29823	UN	29823	R-HSA-2744349.2
29823	UN	29823	R-HSA-2744361.4
29823	UN	29823	R-HSA-427570.3
29823	UN	29823	R-HSA-432034.4
29823	UN	29823	R-HSA-432036.5
29823	UN	29823	R-HSA-8941543.2
29823	UN	29823	R-HSA-9659568.2
29823	UN	29823	R-HSA-9712204.2
29823	UN	29823	R-HSA-975340.5
29823	UN	29823	R-HSA-975389.2
29823	UN	29823	R-HSA-975449.3
29827	UN	29827	R-HSA-426223.2
29827	UN	29827	R-HSA-442661.4
29827	UN	29827	R-HSA-5336453.2
29827	UN	29827	R-HSA-5336454.2
29827	UN	29827	R-HSA-5336466.2
29827	UN	29827	R-HSA-5339528.2
29827	UN	29827	R-HSA-5339538.2
29864	LR	29863	R-HSA-1008248.4
30088	LR	30087	R-HSA-880050.3
30112	LR	30111	R-HSA-9911599.1
30236	LR	30235	R-HSA-70679.6
30268	LR	30267	R-HSA-9640302.2
30549	RL	30547	R-HSA-77325.4
30592	LR	30591	R-HSA-141202.2
30592	LR	30591	R-HSA-5696146.2
30684	LR	30683	R-HSA-4085021.4
30688	LR	30687	R-HSA-6784423.5
30721	RL	30719	R-HSA-70844.7
30732	LR	30731	R-HSA-77319.5
30736	LR	30735	R-HSA-1855211.4
30740	LR	30739	R-HSA-1855210.4
30748	LR	30747	R-HSA-77299.4
30752	LR	30751	R-HSA-201035.3
30784	LR	30783	R-HSA-6813749.4
30800	LR	30799	R-HSA-77312.4
30816	LR	30815	R-HSA-8940074.6
30848	LR	30847	R-HSA-71046.7
30852	LR	30851	R-HSA-70342.7
30944	LR	30943	R-HSA-77338.4
31040	LR	31039	R-HSA-77263.4
31077	RL	31075	R-HSA-77256.4
31089	RL	31087	R-HSA-77340.4
31093	RL	31091	R-HSA-77271.4
31105	RL	31103	R-HSA-197963.3
31105	RL	31103	R-HSA-9709098.2
31113	RL	31111	R-HSA-77321.4
31121	RL	31119	R-HSA-70830.4
31144	LR	31143	R-HSA-77323.4
31152	LR	31151	R-HSA-2408543.4
31156	LR	31155	R-HSA-6784402.3
31156	LR	31155	R-HSA-9929439.1
31160	LR	31159	R-HSA-77303.4
31165	RL	31163	R-HSA-77301.4
31168	LR	31167	R-HSA-77283.4
31173	RL	31171	R-HSA-77277.4
31176	LR	31175	R-HSA-70870.6
31180	LR	31179	R-HSA-77254.4
31185	RL	31183	R-HSA-77309.4
31188	LR	31187	R-HSA-77342.4
31193	RL	31191	R-HSA-77344.4
31196	LR	31195	R-HSA-77331.4
31201	RL	31199	R-HSA-77333.4
31205	RL	31203	R-HSA-77329.4
31208	LR	31207	R-HSA-77327.4
31212	LR	31211	R-HSA-2408551.3
31216	LR	31215	R-HSA-380608.4
31236	LR	31235	R-HSA-6784393.4
31240	LR	31239	R-HSA-190182.3
31252	LR	31251	R-HSA-70881.6
31276	LR	31275	R-HSA-70885.6
31277	RL	31275	R-HSA-508473.5
31284	LR	31283	R-HSA-188467.3
31495	UN	31495	R-HSA-9851347.2
31564	LR	31563	R-HSA-266046.6
31576	LR	31575	R-HSA-2395849.6
31576	LR	31575	R-HSA-2395869.6
31584	LR	31583	R-HSA-2395818.7
31765	RL	31763	R-HSA-1237102.5
31771	UN	31771	R-HSA-2453833.5
31980	LR	31979	R-HSA-139970.3
32064	LR	32063	R-HSA-2395876.7
32064	LR	32063	R-HSA-2395879.6
32143	UN	32143	R-HSA-352136.3
32143	UN	32143	R-HSA-375768.3
32143	UN	32143	R-HSA-375770.3
32143	UN	32143	R-HSA-375776.3
32143	UN	32143	R-HSA-375790.3
32143	UN	32143	R-HSA-8932851.2
32143	UN	32143	R-HSA-8952726.2
32143	UN	32143	R-HSA-8959781.3
32216	LR	32215	R-HSA-6806966.4
32253	RL	32251	R-HSA-71130.5
32751	UN	32751	R-HSA-444433.3
32799	UN	32799	R-HSA-444126.3
32799	UN	32799	R-HSA-507873.4
32799	UN	32799	R-HSA-507875.4
32887	UN	32887	R-HSA-975635.2
32931	UN	32931	R-HSA-1483063.2
32939	UN	32939	R-HSA-1482961.2
32939	UN	32939	R-HSA-1482973.2
32948	LR	32947	R-HSA-6800334.2
32955	UN	32955	R-HSA-1675836.2
32955	UN	32955	R-HSA-1676005.2
32955	UN	32955	R-HSA-1676020.2
32955	UN	32955	R-HSA-1676174.2
33033	RL	33031	R-HSA-5652195.7
33100	LR	33099	R-HSA-351207.3
33179	UN	33179	R-HSA-1112666.3
33179	UN	33179	R-HSA-114689.5
33179	UN	33179	R-HSA-167686.4
33179	UN	33179	R-HSA-1855177.6
33179	UN	33179	R-HSA-1855214.5
33179	UN	33179	R-HSA-1855221.6
33179	UN	33179	R-HSA-398193.2
33179	UN	33179	R-HSA-399998.3
33179	UN	33179	R-HSA-9717205.2
33183	UN	33183	R-HSA-9737111.2
33191	UN	33191	R-HSA-1482636.2
33195	UN	33195	R-HSA-1482598.2
33208	LR	33207	R-HSA-508040.5
33459	UN	33459	R-HSA-194632.3
33508	LR	33507	R-HSA-428681.4
33555	UN	33555	R-HSA-428262.6
33651	UN	33651	R-HSA-2046098.2
33739	UN	33739	R-HSA-6808464.5
33741	RL	33739	R-HSA-5696080.5
33751	UN	33751	R-HSA-1483197.2
33919	UN	33919	R-HSA-9755937.3
34000	LR	33999	R-HSA-195690.4
34003	UN	34003	R-HSA-195664.4
34088	LR	34087	R-HSA-264695.5
34092	LR	34091	R-HSA-5696408.5
34288	LR	34287	R-HSA-5662692.3
34904	LR	34903	R-HSA-2408556.3
34919	UN	34919	R-HSA-199626.2
34923	UN	34923	R-HSA-432034.4
34923	UN	34923	R-HSA-432036.5
34928	LR	34927	R-HSA-2408542.3
34936	LR	34935	R-HSA-9825790.2
34959	UN	34959	R-HSA-164967.3
34959	UN	34959	R-HSA-8949399.3
34963	UN	34963	R-HSA-2671885.5
34963	UN	34963	R-HSA-2672334.5
34963	UN	34963	R-HSA-2730664.4
34963	UN	34963	R-HSA-3295580.2
34963	UN	34963	R-HSA-399711.3
34963	UN	34963	R-HSA-420980.3
34963	UN	34963	R-HSA-426223.2
34963	UN	34963	R-HSA-438037.4
34963	UN	34963	R-HSA-451310.4
34963	UN	34963	R-HSA-5576895.9
34963	UN	34963	R-HSA-622325.5
34963	UN	34963	R-HSA-9717374.2
34963	UN	34963	R-HSA-9717382.2
34963	UN	34963	R-HSA-9717383.2
34963	UN	34963	R-HSA-9717395.2
34963	UN	34963	R-HSA-9717396.2
34979	UN	34979	R-HSA-1222516.2
34979	UN	34979	R-HSA-170026.6
34979	UN	34979	R-HSA-2534378.2
34979	UN	34979	R-HSA-6788999.3
34979	UN	34979	R-HSA-74723.3
34979	UN	34979	R-HSA-9729542.2
34979	UN	34979	R-HSA-9864415.1
34983	UN	34983	R-HSA-8875871.2
34999	UN	34999	R-HSA-163215.3
34999	UN	34999	R-HSA-5672027.6
35015	UN	35015	R-HSA-3165230.5
35019	UN	35019	R-HSA-352191.4
35019	UN	35019	R-HSA-376200.3
35031	UN	35031	R-HSA-352191.4
35031	UN	35031	R-HSA-376200.3
35031	UN	35031	R-HSA-8932980.3
35035	UN	35035	R-HSA-888592.3
35035	UN	35035	R-HSA-9653180.2
35208	LR	35207	R-HSA-2509816.7
35212	LR	35211	R-HSA-2509793.7
35220	LR	35219	R-HSA-2395965.6
35271	UN	35271	R-HSA-1482626.2
35301	RL	35299	R-HSA-548818.4
35316	LR	35315	R-HSA-548814.3
35328	LR	35327	R-HSA-548815.4
35353	RL	35351	R-HSA-548831.4
35588	LR	35587	R-HSA-196950.4
35648	LR	35647	R-HSA-3244614.4
36164	LR	36163	R-HSA-197186.6
36316	LR	36315	R-HSA-390425.4
36316	LR	36315	R-HSA-390438.4
36391	UN	36391	R-HSA-196417.4
36399	UN	36399	R-HSA-6807064.4
36476	LR	36475	R-HSA-548800.4
36516	LR	36515	R-HSA-548830.3
36800	LR	36799	R-HSA-8850854.6
36800	LR	36799	R-HSA-8851129.5
37108	LR	37107	R-HSA-5694126.2
37336	LR	37335	R-HSA-73618.5
37340	LR	37339	R-HSA-73620.6
37460	LR	37459	R-HSA-1855216.3
37468	LR	37467	R-HSA-1855157.4
37468	LR	37467	R-HSA-1855194.3
38168	LR	38167	R-HSA-8848582.4
38176	LR	38175	R-HSA-8848585.4
38555	UN	38555	R-HSA-2404133.3
38571	UN	38571	R-HSA-9956308.1
38663	UN	38663	R-HSA-1483170.4
38663	UN	38663	R-HSA-9853809.1
38663	UN	38663	R-HSA-9854657.1
38695	UN	38695	R-HSA-1482857.3
38903	UN	38903	R-HSA-382553.2
38951	UN	38951	R-HSA-9843721.2
38955	UN	38955	R-HSA-5339535.4
38963	UN	38963	R-HSA-266070.3
39007	UN	39007	R-HSA-8876731.2
39019	UN	39019	R-HSA-1676065.4
39019	UN	39019	R-HSA-1676105.4
39019	UN	39019	R-HSA-1676203.4
39019	UN	39019	R-HSA-6809320.2
39019	UN	39019	R-HSA-6809778.2
39019	UN	39019	R-HSA-6809944.2
39051	UN	39051	R-HSA-1369028.2
39051	UN	39051	R-HSA-1369052.2
39051	UN	39051	R-HSA-1454928.2
39051	UN	39051	R-HSA-8848053.3
39120	LR	39119	R-HSA-2066787.2
39132	LR	39131	R-HSA-2066788.3
39213	RL	39211	R-HSA-390252.4
39213	RL	39211	R-HSA-6809263.3
39283	UN	39283	R-HSA-434381.3
39743	UN	39743	R-HSA-1483218.2
39747	UN	39747	R-HSA-265443.4
39747	UN	39747	R-HSA-5250531.5
39747	UN	39747	R-HSA-8951850.2
39976	LR	39975	R-HSA-9014641.3
40036	LR	40035	R-HSA-8942575.3
40281	RL	40279	R-HSA-200410.6
40456	LR	40455	R-HSA-192056.2
40460	LR	40459	R-HSA-389889.4
40460	LR	40459	R-HSA-389891.3
40651	UN	40651	R-HSA-111883.5
40716	LR	40715	R-HSA-75879.3
41337	LR	41336	R-HSA-2161950.4
41573	LR	41572	R-HSA-2161779.5
41593	LR	41592	R-HSA-2161844.5
41768	UN	41768	R-HSA-9845587.2
41968	UN	41968	R-HSA-9846305.2
42061	LR	42060	R-HSA-5362721.2
42081	LR	42080	R-HSA-5362522.2
42085	LR	42084	R-HSA-5696101.2
42128	UN	42128	R-HSA-8959462.4
42453	LR	42452	R-HSA-893597.3
42597	LR	42596	R-HSA-140355.3
42597	LR	42596	R-HSA-2309787.3
42601	LR	42600	R-HSA-140359.3
42601	LR	42600	R-HSA-2309773.8
43389	LR	43388	R-HSA-1855202.4
43393	LR	43392	R-HSA-1855180.4
43765	LR	43764	R-HSA-159425.2
43837	LR	43836	R-HSA-192123.2
43925	LR	43924	R-HSA-196350.2
43929	LR	43928	R-HSA-193052.3
44017	LR	44016	R-HSA-389609.4
44041	LR	44040	R-HSA-9915994.1
44045	LR	44044	R-HSA-9915986.1
44049	LR	44048	R-HSA-9915968.1
44412	UN	44412	R-HSA-2162186.6
44492	UN	44492	R-HSA-2162193.6
44564	UN	44564	R-HSA-2162192.5
44680	UN	44680	R-HSA-1675810.2
44680	UN	44680	R-HSA-1675866.2
44688	UN	44688	R-HSA-1482543.2
44764	UN	44764	R-HSA-2162188.6
44861	LR	44860	R-HSA-390281.3
44936	UN	44936	R-HSA-2046085.2
44961	LR	44960	R-HSA-8952873.2
44977	LR	44976	R-HSA-390284.3
44989	LR	44988	R-HSA-9971123.1
45088	UN	45088	R-HSA-1483186.2
45314	RL	45312	R-HSA-2161549.4
45317	LR	45316	R-HSA-2161614.4
45753	LR	45752	R-HSA-109998.4
45913	LR	45912	R-HSA-6786720.3
46041	LR	46040	R-HSA-109759.4
46045	LR	46044	R-HSA-6809808.4
46133	LR	46132	R-HSA-191983.2
46149	LR	46148	R-HSA-8866601.6
46173	LR	46172	R-HSA-8875013.3
46632	UN	46632	R-HSA-192067.2
46640	UN	46640	R-HSA-192033.2
46740	UN	46740	R-HSA-196402.4
46812	UN	46812	R-HSA-9946140.1
46828	UN	46828	R-HSA-9945822.1
46832	UN	46832	R-HSA-9945784.1
46848	UN	46848	R-HSA-9945787.1
46852	UN	46852	R-HSA-9945804.1
47089	LR	47088	R-HSA-193455.2
47101	LR	47100	R-HSA-192312.2
47200	UN	47200	R-HSA-193789.2
47265	LR	47264	R-HSA-389632.4
47572	UN	47572	R-HSA-9845538.2
47725	LR	47724	R-HSA-6785928.4
47992	UN	47992	R-HSA-450971.5
48292	UN	48292	R-HSA-9846332.2
48320	UN	48320	R-HSA-9846332.2
48341	LR	48340	R-HSA-5696004.4
48585	LR	48584	R-HSA-2161775.6
48589	LR	48588	R-HSA-9916401.1
48617	LR	48616	R-HSA-266012.5
48621	LR	48620	R-HSA-2161946.4
48645	LR	48644	R-HSA-2161613.4
48821	LR	48820	R-HSA-9027532.3
48853	LR	48852	R-HSA-9026408.4
48869	LR	48868	R-HSA-6809287.4
49785	LR	49784	R-HSA-193491.2
49789	LR	49788	R-HSA-193491.2
49908	UN	49908	R-HSA-200424.7
49908	UN	49908	R-HSA-9971094.1
49916	UN	49916	R-HSA-200424.7
49916	UN	49916	R-HSA-9971094.1
50045	LR	50044	R-HSA-6810474.3
50048	UN	50048	R-HSA-194153.3
50052	UN	50052	R-HSA-193362.2
50052	UN	50052	R-HSA-194153.3
50056	UN	50056	R-HSA-193362.2
50056	UN	50056	R-HSA-194153.3
50060	UN	50060	R-HSA-193362.2
50060	UN	50060	R-HSA-194153.3
50064	UN	50064	R-HSA-193362.2
50064	UN	50064	R-HSA-194153.3
50205	LR	50204	R-HSA-9018858.3
50537	LR	50536	R-HSA-2161659.4
50541	LR	50540	R-HSA-2161666.4
50545	LR	50544	R-HSA-2161735.4
50557	LR	50556	R-HSA-2161733.4
50590	RL	50588	R-HSA-2161692.3
50609	LR	50608	R-HSA-2161567.4
50709	LR	50708	R-HSA-2161999.4
50822	RL	50820	R-HSA-469659.4
50822	RL	50820	R-HSA-9705713.2
50822	RL	50820	R-HSA-9705714.2
50833	LR	50832	R-HSA-9027607.4
50841	LR	50840	R-HSA-9020275.3
50976	UN	50976	R-HSA-879528.3
50980	UN	50980	R-HSA-879528.3
50984	UN	50984	R-HSA-879528.3
50984	UN	50984	R-HSA-9857682.1
50988	UN	50988	R-HSA-879528.3
51065	LR	51064	R-HSA-176588.3
51189	LR	51188	R-HSA-1222407.3
51189	LR	51188	R-HSA-1497878.3
51189	LR	51188	R-HSA-3697855.2
51189	LR	51188	R-HSA-8942052.2
51194	RL	51192	R-HSA-880053.3
51196	UN	51196	R-HSA-444008.4
51217	LR	51216	R-HSA-176631.3
51221	LR	51220	R-HSA-3301943.2
51301	LR	51300	R-HSA-9673053.4
51302	RL	51300	R-HSA-9673054.4
51496	UN	51496	R-HSA-428273.5
51496	UN	51496	R-HSA-9695949.4
51725	LR	51724	R-HSA-6810472.3
51969	LR	51968	R-HSA-9018863.3
52021	LR	52020	R-HSA-9018901.3
52025	LR	52024	R-HSA-9018867.3
52313	LR	52312	R-HSA-2161732.4
52357	LR	52356	R-HSA-176517.3
52369	LR	52368	R-HSA-176609.3
52373	LR	52372	R-HSA-176521.4
52513	LR	52512	R-HSA-6784224.4
53509	LR	53508	R-HSA-9026777.3
53509	LR	53508	R-HSA-9026780.3
53513	LR	53512	R-HSA-9026757.3
53537	LR	53536	R-HSA-9024993.3
53541	LR	53540	R-HSA-9026771.4
53549	LR	53548	R-HSA-2161563.5
54537	LR	54536	R-HSA-5695957.3
54537	LR	54536	R-HSA-5696007.3
54537	LR	54536	R-HSA-8875077.3
54537	LR	54536	R-HSA-9914143.1
54913	LR	54912	R-HSA-2465921.4
55652	UN	55652	R-HSA-1675988.2
55652	UN	55652	R-HSA-1676124.3
55652	UN	55652	R-HSA-1676133.2
57169	LR	57168	R-HSA-880007.5
57817	LR	57816	R-HSA-8953339.3
57841	LR	57840	R-HSA-6809561.4
57841	LR	57840	R-HSA-6809565.5
58286	RL	58284	R-HSA-73616.4
58438	RL	58436	R-HSA-196060.4
59409	LR	59408	R-HSA-5691507.5
59425	LR	59424	R-HSA-5696183.2
59926	RL	59924	R-HSA-5652172.6
60364	UN	60364	R-HSA-429101.3
60368	UN	60368	R-HSA-2872497.2
60376	UN	60376	R-HSA-198458.5
60376	UN	60376	R-HSA-429094.3
60376	UN	60376	R-HSA-450095.5
60376	UN	60376	R-HSA-499981.3
60376	UN	60376	R-HSA-5339524.6
60376	UN	60376	R-HSA-5653873.4
60376	UN	60376	R-HSA-8875902.4
60376	UN	60376	R-HSA-8876319.3
60376	UN	60376	R-HSA-8981553.3
60376	UN	60376	R-HSA-8981564.4
60376	UN	60376	R-HSA-8981570.3
60376	UN	60376	R-HSA-8981574.4
60380	UN	60380	R-HSA-198818.4
61241	LR	61240	R-HSA-2160492.4
61669	LR	61668	R-HSA-159567.4
62252	UN	62252	R-HSA-442387.3
62357	LR	62356	R-HSA-2395873.7
63180	UN	63180	R-HSA-5218841.3
63180	UN	63180	R-HSA-5668629.6
63180	UN	63180	R-HSA-5668718.4
63180	UN	63180	R-HSA-5668731.3
63180	UN	63180	R-HSA-6789092.2
63180	UN	63180	R-HSA-9673797.2
63181	LR	63180	R-HSA-1222376.2
63181	LR	63180	R-HSA-1236967.2
63181	LR	63180	R-HSA-1497810.4
63181	LR	63180	R-HSA-6807557.2
63388	UN	63388	R-HSA-2995334.4
63952	UN	63952	R-HSA-428664.5
64720	UN	64720	R-HSA-372342.6
64720	UN	64720	R-HSA-433698.5
64720	UN	64720	R-HSA-9645220.5
64816	UN	64816	R-HSA-189456.5
64877	LR	64876	R-HSA-8851225.6
64989	LR	64988	R-HSA-6809354.4
64989	LR	64988	R-HSA-8938314.2
64989	LR	64988	R-HSA-9837354.1
65397	LR	65396	R-HSA-9731228.3
65408	UN	65408	R-HSA-9938195.2
65561	LR	65560	R-HSA-893596.6
65561	LR	65560	R-HSA-901097.3
65901	LR	65900	R-HSA-9972889.1
66172	UN	66172	R-HSA-5340130.3
66272	UN	66272	R-HSA-382553.2
66324	UN	66324	R-HSA-429767.4
66324	UN	66324	R-HSA-432034.4
66324	UN	66324	R-HSA-432036.5
66324	UN	66324	R-HSA-8941543.2
66336	UN	66336	R-HSA-210439.2
66336	UN	66336	R-HSA-212658.5
66373	LR	66372	R-HSA-8955794.4
66549	LR	66548	R-HSA-176646.4
66820	UN	66820	R-HSA-5692462.2
67393	LR	67392	R-HSA-2395872.7
67601	LR	67600	R-HSA-9731590.3
67605	LR	67604	R-HSA-9731613.3
67609	LR	67608	R-HSA-9731632.3
67681	LR	67680	R-HSA-5690042.4
67681	LR	67680	R-HSA-5690043.7
67684	UN	67684	R-HSA-382575.4
67701	LR	67700	R-HSA-2066779.2
67724	UN	67724	R-HSA-727807.4
67877	LR	67876	R-HSA-176585.3
67881	LR	67880	R-HSA-159358.4
67945	LR	67944	R-HSA-6787811.3
67969	LR	67968	R-HSA-8952137.4
68013	LR	68012	R-HSA-74247.7
68185	LR	68184	R-HSA-5690042.4
68185	LR	68184	R-HSA-5690043.7
68228	UN	68228	R-HSA-352108.3
68228	UN	68228	R-HSA-375473.3
68232	UN	68232	R-HSA-352059.3
68232	UN	68232	R-HSA-352354.3
68232	UN	68232	R-HSA-375473.3
68236	UN	68236	R-HSA-212642.3
68236	UN	68236	R-HSA-352059.3
68236	UN	68236	R-HSA-352108.3
68236	UN	68236	R-HSA-352119.3
68236	UN	68236	R-HSA-375473.3
68240	UN	68240	R-HSA-352059.3
68240	UN	68240	R-HSA-352108.3
68240	UN	68240	R-HSA-352119.3
68240	UN	68240	R-HSA-375473.3
68244	UN	68244	R-HSA-375473.3
68248	UN	68248	R-HSA-375473.3
68252	UN	68252	R-HSA-375473.3
68329	LR	68328	R-HSA-9837419.1
68357	LR	68356	R-HSA-5693783.3
68389	LR	68388	R-HSA-8878581.3
68572	UN	68572	R-HSA-352158.3
68572	UN	68572	R-HSA-352191.4
68572	UN	68572	R-HSA-352232.6
68618	RL	68616	R-HSA-194023.4
68649	LR	68648	R-HSA-1614591.5
68653	LR	68652	R-HSA-1614567.5
69073	LR	69072	R-HSA-141186.4
69404	UN	69404	R-HSA-109527.3
69404	UN	69404	R-HSA-109529.3
69417	LR	69416	R-HSA-8855490.2
69820	LR	69819	R-HSA-1655453.6
69883	UN	69883	R-HSA-198870.4
69887	UN	69887	R-HSA-109530.3
69887	UN	69887	R-HSA-109538.3
69887	UN	69887	R-HSA-109539.3
69891	UN	69891	R-HSA-109530.3
69891	UN	69891	R-HSA-109538.3
69895	UN	69895	R-HSA-109530.3
69895	UN	69895	R-HSA-109538.3
69927	UN	69927	R-HSA-109530.3
69927	UN	69927	R-HSA-109538.3
69927	UN	69927	R-HSA-109539.3
69931	UN	69931	R-HSA-109538.3
69931	UN	69931	R-HSA-109539.3
69935	UN	69935	R-HSA-109538.3
69935	UN	69935	R-HSA-109539.3
69955	UN	69955	R-HSA-425661.5
69955	UN	69955	R-HSA-8949688.2
69967	UN	69967	R-HSA-2514891.2
69967	UN	69967	R-HSA-425678.3
69967	UN	69967	R-HSA-5626316.3
69999	UN	69999	R-HSA-352059.3
69999	UN	69999	R-HSA-352108.3
69999	UN	69999	R-HSA-352371.3
70159	UN	70159	R-HSA-200646.6
70159	UN	70159	R-HSA-200729.4
70288	LR	70287	R-HSA-1855169.4
70300	LR	70299	R-HSA-9640307.2
70320	LR	70319	R-HSA-1855232.4
70571	UN	70571	R-HSA-189208.7
70571	UN	70571	R-HSA-429567.3
70571	UN	70571	R-HSA-429613.3
70687	UN	70687	R-HSA-444007.3
70699	UN	70699	R-HSA-210404.5
70711	UN	70711	R-HSA-376200.3
70715	UN	70715	R-HSA-352191.4
70715	UN	70715	R-HSA-376200.3
70719	UN	70719	R-HSA-352191.4
70719	UN	70719	R-HSA-352232.6
70719	UN	70719	R-HSA-376200.3
70783	UN	70783	R-HSA-372448.8
70787	UN	70787	R-HSA-70634.5
70831	UN	70831	R-HSA-379415.3
70831	UN	70831	R-HSA-379426.3
70912	LR	70911	R-HSA-8955760.5
70919	UN	70919	R-HSA-379393.5
70923	UN	70923	R-HSA-443997.3
70935	UN	70935	R-HSA-352136.3
70935	UN	70935	R-HSA-375768.3
70935	UN	70935	R-HSA-375770.3
70935	UN	70935	R-HSA-375776.3
70935	UN	70935	R-HSA-375790.3
70935	UN	70935	R-HSA-8932851.2
70935	UN	70935	R-HSA-8959781.3
70939	UN	70939	R-HSA-352103.3
70939	UN	70939	R-HSA-352107.3
70939	UN	70939	R-HSA-352191.4
70939	UN	70939	R-HSA-352232.6
70943	UN	70943	R-HSA-352103.3
70943	UN	70943	R-HSA-352107.3
70943	UN	70943	R-HSA-352191.4
70943	UN	70943	R-HSA-352232.6
70943	UN	70943	R-HSA-9672770.5
70947	UN	70947	R-HSA-352158.3
70947	UN	70947	R-HSA-352191.4
70947	UN	70947	R-HSA-352232.6
70947	UN	70947	R-HSA-8870352.5
70955	UN	70955	R-HSA-428052.2
70955	UN	70955	R-HSA-8875623.3
70995	UN	70995	R-HSA-378513.3
71059	UN	71059	R-HSA-379432.3
71127	UN	71127	R-HSA-352174.3
71127	UN	71127	R-HSA-352182.4
71131	UN	71131	R-HSA-352174.3
71131	UN	71131	R-HSA-352182.4
71135	UN	71135	R-HSA-352174.3
71135	UN	71135	R-HSA-352182.4
71159	UN	71159	R-HSA-352182.4
71163	UN	71163	R-HSA-352174.3
71163	UN	71163	R-HSA-352182.4
71167	UN	71167	R-HSA-352182.4
71199	UN	71199	R-HSA-375768.3
71199	UN	71199	R-HSA-375770.3
71199	UN	71199	R-HSA-375776.3
71199	UN	71199	R-HSA-375790.3
71199	UN	71199	R-HSA-8959781.3
71203	UN	71203	R-HSA-8959781.3
71207	UN	71207	R-HSA-209910.3
71255	UN	71255	R-HSA-427656.5
71259	UN	71259	R-HSA-427605.3
71259	UN	71259	R-HSA-427645.3
71275	UN	71275	R-HSA-433089.3
71383	UN	71383	R-HSA-352059.3
71383	UN	71383	R-HSA-352108.3
71383	UN	71383	R-HSA-352119.3
71395	UN	71395	R-HSA-428990.5
71507	UN	71507	R-HSA-8874705.4
71515	UN	71515	R-HSA-109527.3
71515	UN	71515	R-HSA-109529.3
71519	UN	71519	R-HSA-109527.3
71519	UN	71519	R-HSA-109529.3
71519	UN	71519	R-HSA-109534.4
71519	UN	71519	R-HSA-109536.4
71519	UN	71519	R-HSA-727749.3
71519	UN	71519	R-HSA-727767.3
71523	UN	71523	R-HSA-109527.3
71523	UN	71523	R-HSA-109529.3
71523	UN	71523	R-HSA-727749.3
71523	UN	71523	R-HSA-727767.3
71527	UN	71527	R-HSA-109527.3
71527	UN	71527	R-HSA-109529.3
71531	UN	71531	R-HSA-109527.3
71531	UN	71531	R-HSA-109529.3
71579	UN	71579	R-HSA-9940804.1
71587	UN	71587	R-HSA-198440.7
71587	UN	71587	R-HSA-376851.6
71607	UN	71607	R-HSA-372843.6
71615	UN	71615	R-HSA-1614546.5
71703	UN	71703	R-HSA-192315.3
71703	UN	71703	R-HSA-194079.4
71703	UN	71703	R-HSA-194083.5
71703	UN	71703	R-HSA-194130.5
71703	UN	71703	R-HSA-9733964.2
71739	UN	71739	R-HSA-372480.4
71775	UN	71775	R-HSA-433698.5
71775	UN	71775	R-HSA-9645220.5
71799	UN	71799	R-HSA-418365.3
71799	UN	71799	R-HSA-427910.4
71811	UN	71811	R-HSA-879575.5
71811	UN	71811	R-HSA-9631987.3
71819	UN	71819	R-HSA-879575.5
71819	UN	71819	R-HSA-9631987.3
71851	UN	71851	R-HSA-192315.3
71851	UN	71851	R-HSA-194079.4
71851	UN	71851	R-HSA-194083.5
71851	UN	71851	R-HSA-194130.5
71851	UN	71851	R-HSA-9733964.2
71855	UN	71855	R-HSA-192315.3
71855	UN	71855	R-HSA-194130.5
71855	UN	71855	R-HSA-9733964.2
71859	UN	71859	R-HSA-192315.3
71859	UN	71859	R-HSA-194130.5
71859	UN	71859	R-HSA-9733964.2
71919	UN	71919	R-HSA-433101.2
72003	UN	72003	R-HSA-561253.3
72023	UN	72023	R-HSA-8869603.5
72091	UN	72091	R-HSA-165026.4
72091	UN	72091	R-HSA-549297.4
72115	UN	72115	R-HSA-6797957.3
72199	UN	72199	R-HSA-8949687.3
72219	UN	72219	R-HSA-425483.4
72219	UN	72219	R-HSA-8878664.5
72256	LR	72255	R-HSA-379387.7
72256	LR	72255	R-HSA-8955010.3
72363	UN	72363	R-HSA-1237038.2
72363	UN	72363	R-HSA-1247665.3
72363	UN	72363	R-HSA-425482.3
72363	UN	72363	R-HSA-427666.3
72379	UN	72379	R-HSA-5627802.4
72395	UN	72395	R-HSA-426086.3
72399	UN	72399	R-HSA-561059.2
72427	UN	72427	R-HSA-426155.3
72483	UN	72483	R-HSA-75849.6
72543	UN	72543	R-HSA-561059.2
72627	UN	72627	R-HSA-435366.3
72627	UN	72627	R-HSA-435375.3
72627	UN	72627	R-HSA-437136.3
72627	UN	72627	R-HSA-437139.4
72683	UN	72683	R-HSA-193399.3
72683	UN	72683	R-HSA-194130.5
72683	UN	72683	R-HSA-9733964.2
72687	UN	72687	R-HSA-2404139.3
72695	UN	72695	R-HSA-741450.2
72695	UN	72695	R-HSA-744231.4
72707	UN	72707	R-HSA-742345.5
72727	UN	72727	R-HSA-9912889.2
72731	UN	72731	R-HSA-9792608.2
72791	UN	72791	R-HSA-9661446.3
72795	UN	72795	R-HSA-9661446.3
72807	UN	72807	R-HSA-352191.4
72807	UN	72807	R-HSA-352232.6
72807	UN	72807	R-HSA-8932851.2
72807	UN	72807	R-HSA-8959781.3
72839	UN	72839	R-HSA-9837333.1
72907	UN	72907	R-HSA-429567.3
72987	UN	72987	R-HSA-429663.4
73011	UN	73011	R-HSA-352103.3
73011	UN	73011	R-HSA-352107.3
73011	UN	73011	R-HSA-352191.4
73011	UN	73011	R-HSA-352232.6
73011	UN	73011	R-HSA-9672770.5
73059	UN	73059	R-HSA-8959798.3
73063	UN	73063	R-HSA-435171.3
73371	UN	73371	R-HSA-199206.4
73375	UN	73375	R-HSA-199219.3
73419	UN	73419	R-HSA-212614.3
73419	UN	73419	R-HSA-212651.4
73419	UN	73419	R-HSA-352191.4
73423	UN	73423	R-HSA-352191.4
73703	UN	73703	R-HSA-174368.2
73811	UN	73811	R-HSA-8870354.4
73819	UN	73819	R-HSA-6797956.3
73863	UN	73863	R-HSA-351596.4
73863	UN	73863	R-HSA-372542.3
73863	UN	73863	R-HSA-727740.3
73863	UN	73863	R-HSA-727768.3
73867	UN	73867	R-HSA-380586.4
73867	UN	73867	R-HSA-727740.3
73867	UN	73867	R-HSA-727768.3
73871	UN	73871	R-HSA-351604.4
73871	UN	73871	R-HSA-374896.3
73871	UN	73871	R-HSA-374919.4
73871	UN	73871	R-HSA-727740.3
73871	UN	73871	R-HSA-727768.3
73875	UN	73875	R-HSA-727740.3
73875	UN	73875	R-HSA-727768.3
73887	UN	73887	R-HSA-426130.3
74375	UN	74375	R-HSA-3779381.3
74375	UN	74375	R-HSA-6789077.2
74819	UN	74819	R-HSA-1247915.3
74819	UN	74819	R-HSA-1500817.2
74891	UN	74891	R-HSA-1237042.4
74891	UN	74891	R-HSA-1237069.4
74891	UN	74891	R-HSA-1247645.3
74891	UN	74891	R-HSA-1247649.3
74895	UN	74895	R-HSA-1222662.2
74895	UN	74895	R-HSA-1222686.3
75039	UN	75039	R-HSA-727759.2
75043	UN	75043	R-HSA-379432.3
75051	UN	75051	R-HSA-194130.5
75051	UN	75051	R-HSA-9733964.2
75211	UN	75211	R-HSA-437300.5
75343	UN	75343	R-HSA-109527.3
75343	UN	75343	R-HSA-109529.3
75343	UN	75343	R-HSA-109534.4
75343	UN	75343	R-HSA-109536.4
75343	UN	75343	R-HSA-727740.3
75343	UN	75343	R-HSA-727749.3
75343	UN	75343	R-HSA-727767.3
75343	UN	75343	R-HSA-727768.3
75363	UN	75363	R-HSA-109527.3
75363	UN	75363	R-HSA-109529.3
75363	UN	75363	R-HSA-109534.4
75363	UN	75363	R-HSA-109536.4
75363	UN	75363	R-HSA-727749.3
75363	UN	75363	R-HSA-727767.3
75367	UN	75367	R-HSA-109527.3
75367	UN	75367	R-HSA-109529.3
75367	UN	75367	R-HSA-109534.4
75367	UN	75367	R-HSA-109536.4
75367	UN	75367	R-HSA-727749.3
75367	UN	75367	R-HSA-727767.3
75371	UN	75371	R-HSA-109527.3
75371	UN	75371	R-HSA-109529.3
75371	UN	75371	R-HSA-109534.4
75371	UN	75371	R-HSA-109536.4
75371	UN	75371	R-HSA-727749.3
75371	UN	75371	R-HSA-727767.3
75375	UN	75375	R-HSA-109527.3
75375	UN	75375	R-HSA-109529.3
75375	UN	75375	R-HSA-109534.4
75375	UN	75375	R-HSA-109536.4
75375	UN	75375	R-HSA-727749.3
75375	UN	75375	R-HSA-727767.3
75383	UN	75383	R-HSA-432034.4
75383	UN	75383	R-HSA-432036.5
75388	LR	75387	R-HSA-9942295.1
75443	UN	75443	R-HSA-917892.5
75443	UN	75443	R-HSA-9661408.3
75471	UN	75471	R-HSA-8875838.2
75479	UN	75479	R-HSA-8855062.3
75516	LR	75515	R-HSA-9753944.2
75687	UN	75687	R-HSA-9717392.2
75687	UN	75687	R-HSA-9855161.1
75687	UN	75687	R-HSA-9857649.1
75687	UN	75687	R-HSA-9905999.1
75791	UN	75791	R-HSA-429749.5
75791	UN	75791	R-HSA-8876312.3
75795	UN	75795	R-HSA-429749.5
75795	UN	75795	R-HSA-8876312.3
75799	UN	75799	R-HSA-429749.5
75799	UN	75799	R-HSA-8876312.3
75803	UN	75803	R-HSA-429749.5
75807	UN	75807	R-HSA-429749.5
75843	UN	75843	R-HSA-549241.4
76063	UN	76063	R-HSA-741449.4
76159	UN	76159	R-HSA-432034.4
76159	UN	76159	R-HSA-432036.5
76271	UN	76271	R-HSA-6797962.4
76628	LR	76627	R-HSA-70893.6
76639	UN	76639	R-HSA-109527.3
76639	UN	76639	R-HSA-109529.3
76692	LR	76691	R-HSA-2161959.4
76696	LR	76695	R-HSA-2161791.4
76716	LR	76715	R-HSA-9020273.3
77144	LR	77143	R-HSA-1855163.4
77156	LR	77155	R-HSA-1855200.4
77156	LR	77155	R-HSA-1855205.4
77172	LR	77171	R-HSA-3076905.2
77172	LR	77171	R-HSA-4167509.2
77259	UN	77259	R-HSA-9845055.2
78368	LR	78367	R-HSA-9970023.1
78455	UN	78455	R-HSA-1606583.3
78455	UN	78455	R-HSA-428205.6
78455	UN	78455	R-HSA-428231.4
78456	LR	78455	R-HSA-1606602.3
78632	LR	78631	R-HSA-390256.3
78637	RL	78635	R-HSA-390251.5
78637	RL	78635	R-HSA-6809264.3
78641	RL	78639	R-HSA-390250.4
79696	LR	79695	R-HSA-71249.7
80836	LR	80835	R-HSA-4084976.4
80840	LR	80839	R-HSA-4084989.4
80844	LR	80843	R-HSA-4084982.4
81275	UN	81275	R-HSA-2162195.5
81452	LR	81451	R-HSA-429786.4
81452	LR	81451	R-HSA-429798.5
81667	UN	81667	R-HSA-8867876.3
83872	LR	83871	R-HSA-6784959.2
85915	UN	85915	R-HSA-8874470.2
86796	LR	86795	R-HSA-9971609.1
